{"full_time": [0.02969250440597534, 0.02734336018562317, 0.028040904998779297, 0.02669682502746582], "rl_time": [5.127392244338989, 5.1754229593276975, 4.985139870643616, 4.989302110671997], "full_var": [0.031205998400218087, 0.01203428443294558, 0.01318751398144805, 0.012634595756653825], "rl_var": [4.725776681987193, 4.260276527572043, 4.489181092474999, 4.075402353927244]}