{"full_time": [0.046393349170684814, 0.030725796222686768, 0.046652863025665285, 0.029494220018386842], "rl_time": [4.873134405612945, 5.189684107303619, 4.867154841423035, 4.8754393208026885], "full_var": [0.2522576772100698, 0.01741876956565585, 0.2564962587950508, 0.01683029070466864], "rl_var": [4.258726719173061, 4.687023775001984, 4.4877159269266835, 4.169657326231461]}