{"full_time": [0.03076869010925293, 0.028762859106063843, 0.027066587209701537, 0.03254057168960571], "rl_time": [5.4418895256519315, 5.34450562953949, 5.212108778953552, 4.909289717674255], "full_var": [0.03290975443408959, 0.015741845019665024, 0.013985031853254124, 0.019170548939562534], "rl_var": [4.732635487918008, 4.799208066812974, 4.367615658808821, 4.545378253257354]}