{"full_time": [0.028237231969833375, 0.028698174953460692, 0.04650901436805725, 0.028470115661621095], "rl_time": [4.887069325447083, 5.292978457212448, 5.154745073318481, 5.046159732341766], "full_var": [0.0131172854357746, 0.014210473938885798, 0.2535084565473051, 0.014211869995448363], "rl_var": [4.508164764256764, 4.56405542118139, 4.427028226685577, 4.685211400676323]}